Workbook

Sheet Roadmap Reference
A1: AI Adoption
A2: 30-60-90 day Roadmap
E3: Teams
A4: # | B4: Capability Area | C4: Tool | D4: Capability | E4: Informatica Dev | F4: Databricks Dev | G4: QE / Testers | H4: Data / Requirements Analyst | I4: Java Dev | J4: Orchestration | K4: Infra Team
A5: 1 | B5: Foundation | C5: AI DLC | D5: AI DLC Overview | E5: Initial | F5: Initial | G5: Initial | H5: Initial | I5: Initial | J5: Initial | K5: Initial
A6: 2 | B6: Foundation | C6: Training | D6: AI fundamentals / onboarding | E6: Initial | F6: Initial | G6: Initial | H6: Initial | I6: Initial | J6: Initial | K6: Initial
A7: 3 | B7: Core Copilot – Developer Productivity | C7: GHCP | D7: Install and configure VSCode with GHCP plug-in, GitHub, Databricks | E7: 30 Day | F7: 30 Day | G7: 30 Day | H7: 30 Day | I7: 30 Day | J7: 30 Day | K7: 30 Day
A8: 4 | B8: Core Copilot – Developer Productivity | C8: GHCP | D8: Explain complex code | E8: 30 Day | F8: 30 Day | G8: 30 Day | I8: 30 Day
A9: 5 | B9: Core Copilot – Developer Productivity | C9: GHCP | D9: Unit test creation | E9: 30 Day | F9: 30 Day | G9: 30 Day | I9: 30 Day
A10: 6 | B10: Core Copilot – Developer Productivity | C10: GHCP | D10: Unit test execution | E10: 30 Day | F10: 30 Day | G10: 30 Day | I10: 30 Day
A11: 7 | B11: Core Copilot – Developer Productivity | C11: GHCP | D11: Add comments to code | E11: 30 Day | F11: 30 Day | I11: 30 Day
A12: 8 | B12: Core Copilot – Developer Productivity | C12: GHCP | D12: Code quality reviews | E12: 30 Day | F12: 30 Day | G12: 30 Day | I12: 30 Day
A13: 9 | B13: Core Copilot – Developer Productivity | C13: GHCP | D13: Identify / fix vulnerabilities in code | E13: 30 Day | F13: 30 Day | G13: 30 Day | I13: 30 Day | J13: 30 Day
A14: 10 | B14: Core Copilot – Developer Productivity | C14: GHCP | D14: Generate code from comments | E14: 30 Day | F14: 30 Day | I14: 30 Day
A15: 11 | B15: Core Copilot – Developer Productivity | C15: GHCP | D15: Generate README documentation | E15: 30 Day | F15: 30 Day | I15: 30 Day
A16: 12 | B16: Core Copilot – Developer Productivity | C16: GHCP | D16: Identify / fix infrastructure vulnerabilities | J16: 30 Day | K16: 30 Day
A17: 13 | B17: Databricks Genie – Platform-Native Assist | C17: Databricks / Genie | D17: Explain complex code | E17: 60 Day | F17: 60 Day
A18: 14 | B18: Databricks Genie – Platform-Native Assist | C18: Databricks / Genie | D18: Unit test creation | E18: 60 Day | F18: 60 Day
A19: 15 | B19: Databricks Genie – Platform-Native Assist | C19: Databricks / Genie | D19: Unit test execution | E19: 60 Day | F19: 60 Day
A20: 16 | B20: Databricks Genie – Platform-Native Assist | C20: Databricks / Genie | D20: Add comments to code | E20: 60 Day | F20: 60 Day
A21: 17 | B21: Databricks Genie – Platform-Native Assist | C21: Databricks / Genie | D21: Code quality reviews | E21: 60 Day | F21: 60 Day
A22: 18 | B22: Databricks Genie – Platform-Native Assist | C22: Databricks / Genie | D22: Identify / fix vulnerabilities in code | E22: 60 Day | F22: 60 Day
A23: 19 | B23: Databricks Genie – Platform-Native Assist | C23: Databricks / Genie | D23: Generate code from comments | E23: 60 Day | F23: 60 Day
A24: 20 | B24: Databricks Genie – Platform-Native Assist | C24: Databricks / Genie | D24: Generate README documentation | E24: 60 Day | F24: 60 Day
A25: 21 | B25: Agentic Development | C25: GHCP | D25: Create / Utilize Agents - Requirements | E25: 90 Day | F25: 90 Day | H25: 60 Day | I25: 60 Day
A26: 22 | B26: Agentic Development | C26: GHCP | D26: Create / Utilize Agents - Testing | E26: 90 Day | F26: 90 Day | G26: 60 Day | I26: 60 Day
A27: 23 | B27: Agentic Development | C27: GHCP | D27: Create / Utilize Agents - Documentation | E27: 90 Day | F27: 90 Day | H27: 60 Day | I27: 60 Day
A28: 24 | B28: Agentic Development | C28: GHCP | D28: Create / Utilize Agents - Code Review | E28: 90 Day | F28: 90 Day | G28: 60 Day | I28: 60 Day
A29: 25 | B29: Agentic Development | C29: GHCP | D29: Create / Utilize Agents - CI/CD | E29: 90 Day | F29: 90 Day | I29: 60 Day | J29: 60 Day | K29: 60 Day
A30: 26 | B30: Agentic Development | C30: GHCP | D30: Create / Utilize Agents - Code Development | E30: 90 Day | F30: 90 Day | I30: 60 Day
A31: 27 | B31: Agentic Development | C31: GHCP | D31: Create / Utilize Agents - Vulnerability Remediation | E31: 90 Day | F31: 90 Day | G31: 60 Day | I31: 60 Day | J31: 60 Day | K31: 60 Day
A32: 28 | B32: Analyst & QA Enablement | C32: Glean / Microsoft 365 Copilot | D32: Test plan / test case creation | G32: 30 Day
A33: 29 | B33: Analyst & QA Enablement | C33: Glean / Microsoft 365 Copilot | D33: Generate validation SQL from source-to-target mappings | G33: 30 Day | H33: 30 Day
A34: 30 | B34: Analyst & QA Enablement | C34: Glean / Microsoft 365 Copilot | D34: Understand current state design | H34: 30 Day
A35: 31 | B35: Analyst & QA Enablement | C35: Glean / Microsoft 365 Copilot | D35: Automate data modeling tasks | H35: 30 Day
A36: 32 | B36: Analyst & QA Enablement | C36: Glean / Microsoft 365 Copilot | D36: Automate mapping tasks | H36: 30 Day
A37: 33 | B37: Analyst & QA Enablement | C37: Glean / Microsoft 365 Copilot | D37: Automate documentation for RAI | G37: 60 Day

Sheet Training_Material
A1: Training Rollout
A4: # | B4: Module | C4: Target audience | D4: Format | E4: Owner | F4: Planned date | G4: Status | H4: Audience size | I4: Completed | J4: % complete | K4: Notes / link
A5: 1 | B5: AI fundamentals | C5: All | D5: Video | G5: Not started | J5: =IF(N(H5)=0,"",I5/H5)
A6: 2 | B6: GHCP VSCode - Workspace Setup | C6: All | D6: Video | G6: Not started | J6: =IF(N(H6)=0,"",I6/H6)
A7: 3 | B7: GitHub Copilot Basics | C7: All | D7: Video | G7: Not started | J7: =IF(N(H7)=0,"",I7/H7)
A8: 4 | B8: Source-to-Target Mappings with AI | C8: Data / Requirements Analysts | D8: Video | G8: Not started | J8: =IF(N(H8)=0,"",I8/H8)
A9: 5 | B9: Training Analysis Tasks and Lab Session | C9: Data / Requirements Analysts | D9: Video | G9: Not started | J9: =IF(N(H9)=0,"",I9/H9)
A10: 6 | B10: Understanding a Data Field using Glean | C10: Data / Requirements Analysts | D10: Video | G10: Not started | J10: =IF(N(H10)=0,"",I10/H10)
A11: 7 | B11: Training Databricks - Genie VSCode | C11: Java / Python PySpark ETL developers | D11: Video | G11: Not started | J11: =IF(N(H11)=0,"",I11/H11)
A12: 8 | B12: Workspace Setup Databricks | C12: Java / Python PySpark ETL developers | D12: Video | G12: Not started | J12: =IF(N(H12)=0,"",I12/H12)
A13: 9 | B13: GitHub Copilot Advance - Part 1 | C13: Java / Python PySpark ETL developers | D13: Video | G13: Not started | J13: =IF(N(H13)=0,"",I13/H13)
A14: 10 | B14: GitHub Copilot Advance - Part 2 | C14: Java / Python PySpark ETL developers | D14: Video | G14: Not started | J14: =IF(N(H14)=0,"",I14/H14)
A15: 11 | B15: Glean Test Strategy | C15: QA / Testers | D15: Video | G15: Not started | J15: =IF(N(H15)=0,"",I15/H15)
A16: 12 | B16: Test Data Creation | C16: QA / Testers | D16: Video | G16: Not started | J16: =IF(N(H16)=0,"",I16/H16)
... A18: 14 | B18: Other Additional Training | C18: Optional | D18: Mixed | G18: Not started | J18: =IF(N(H18)=0,"",I18/H18)

Sheet Tracker
A1: AI Modernization Tracker
A4: ID | B4: # | C4: Capability Area | D4: Tool | E4: Capability | F4: Role | G4: Phase | H4: Due Date | I4: Owner | J4: Status | K4: Started | L4: Completed | M4: Evidence link | N4: Notes | O4: Overdue | P4: Days late
A5: C01-R1 | B5: 1 | C5: Foundation | D5: AI DLC | E5: AI DLC Overview | F5: Informatica Dev | G5: Initial | H5: =INDEX(Settings!$C$11:$C$14,MATCH(G5,Settings!$A$11:$A$14,0)) -> 46249 | J5: Done | O5: =IF(AND(J5<>"Done",J5<>"N/A",Settings!$B$5>H5),"Overdue","") | P5: =IF(O5="Overdue",Settings!$B$5-H5,"")
A6: C01-R2 | B6: 1 | C6: Foundation | D6: AI DLC | E6: AI DLC Overview | F6: Databricks Dev | G6: Initial | H6: =INDEX(Settings!$C$11:$C$14,MATCH(G6,Settings!$A$11:$A$14,0)) -> 46249 | J6: Done | O6: =IF(AND(J6<>"Done",J6<>"N/A",Settings!$B$5>H6),"Overdue","") | P6: =IF(O6="Overdue",Settings!$B$5-H6,"")
A7: C01-R3 | B7: 1 | C7: Foundation | D7: AI DLC | E7: AI DLC Overview | F7: QE / Testers | G7: Initial | H7: =INDEX(Settings!$C$11:$C$14,MATCH(G7,Settings!$A$11:$A$14,0)) -> 46249 | J7: Done | O7: =IF(AND(J7<>"Done",J7<>"N/A",Settings!$B$5>H7),"Overdue","") | P7: =IF(O7="Overdue",Settings!$B$5-H7,"")
A8: C01-R4 | B8: 1 | C8: Foundation | D8: AI DLC | E8: AI DLC Overview | F8: Data / Requirements Analyst | G8: Initial | H8: =INDEX(Settings!$C$11:$C$14,MATCH(G8,Settings!$A$11:$A$14,0)) -> 46249 | J8: Done | O8: =IF(AND(J8<>"Done",J8<>"N/A",Settings!$B$5>H8),"Overdue","") | P8: =IF(O8="Overdue",Settings!$B$5-H8,"")
A9: C01-R5 | B9: 1 | C9: Foundation | D9: AI DLC | E9: AI DLC Overview | F9: Java Dev | G9: Initial | H9: =INDEX(Settings!$C$11:$C$14,MATCH(G9,Settings!$A$11:$A$14,0)) -> 46249 | J9: Done | O9: =IF(AND(J9<>"Done",J9<>"N/A",Settings!$B$5>H9),"Overdue","") | P9: =IF(O9="Overdue",Settings!$B$5-H9,"")
A10: C01-R6 | B10: 1 | C10: Foundation | D10: AI DLC | E10: AI DLC Overview | F10: Orchestration, Infra | G10: Initial | H10: =INDEX(Settings!$C$11:$C$14,MATCH(G10,Settings!$A$11:$A$14,0)) -> 46249 | J10: Done | O10: =IF(AND(J10<>"Done",J10<>"N/A",Settings!$B$5>H10),"Overdue","") | P10: =IF(O10="Overdue",Settings!$B$5-H10,"")
A11: C02-R1 | B11: 2 | C11: Foundation | D11: Training | E11: AI fundamentals / onboarding | F11: Informatica Dev | G11: Initial | H11: =INDEX(Settings!$C$11:$C$14,MATCH(G11,Settings!$A$11:$A$14,0)) -> 46249 | J11: Done | O11: =IF(AND(J11<>"Done",J11<>"N/A",Settings!$B$5>H11),"Overdue","") | P11: =IF(O11="Overdue",Settings!$B$5-H11,"")
A12: C02-R2 | B12: 2 | C12: Foundation | D12: Training | E12: AI fundamentals / onboarding | F12: Databricks Dev | G12: Initial | H12: =INDEX(Settings!$C$11:$C$14,MATCH(G12,Settings!$A$11:$A$14,0)) -> 46249 | J12: Done | O12: =IF(AND(J12<>"Done",J12<>"N/A",Settings!$B$5>H12),"Overdue","") | P12: =IF(O12="Overdue",Settings!$B$5-H12,"")
A13: C02-R3 | B13: 2 | C13: Foundation | D13: Training | E13: AI fundamentals / onboarding | F13: QE / Testers | G13: Initial | H13: =INDEX(Settings!$C$11:$C$14,MATCH(G13,Settings!$A$11:$A$14,0)) -> 46249 | J13: Done | O13: =IF(AND(J13<>"Done",J13<>"N/A",Settings!$B$5>H13),"Overdue","") | P13: =IF(O13="Overdue",Settings!$B$5-H13,"")
A14: C02-R4 | B14: 2 | C14: Foundation | D14: Training | E14: AI fundamentals / onboarding | F14: Data / Requirements Analyst | G14: Initial | H14: =INDEX(Settings!$C$11:$C$14,MATCH(G14,Settings!$A$11:$A$14,0)) -> 46249 | J14: Done | O14: =IF(AND(J14<>"Done",J14<>"N/A",Settings!$B$5>H14),"Overdue","") | P14: =IF(O14="Overdue",Settings!$B$5-H14,"")
A15: C02-R5 | B15: 2 | C15: Foundation | D15: Training | E15: AI fundamentals / onboarding | F15: Java Dev | G15: Initial | H15: =INDEX(Settings!$C$11:$C$14,MATCH(G15,Settings!$A$11:$A$14,0)) -> 46249 | J15: Done | O15: =IF(AND(J15<>"Done",J15<>"N/A",Settings!$B$5>H15),"Overdue","") | P15: =IF(O15="Overdue",Settings!$B$5-H15,"")
A16: C02-R6 | B16: 2 | C16: Foundation | D16: Training | E16: AI fundamentals / onboarding | F16: Orchestration, Infra | G16: Initial | H16: =INDEX(Settings!$C$11:$C$14,MATCH(G16,Settings!$A$11:$A$14,0)) -> 46249 | J16: Done | O16: =IF(AND(J16<>"Done",J16<>"N/A",Settings!$B$5>H16),"Overdue","") | P16: =IF(O16="Overdue",Settings!$B$5-H16,"")
... A96: C33-R3 | B96: 33 | C96: Analyst & QA Enablement | D96: Glean / Microsoft 365 Copilot | E96: Automate documentation for RAI | F96: QE / Testers | G96: 60 Day | H96: =INDEX(Settings!$C$11:$C$14,MATCH(G96,Settings!$A$11:$A$14,0)) -> 46295 | J96: Not started | O96: =IF(AND(J96<>"Done",J96<>"N/A",Settings!$B$5>H96),"Overdue","") | P96: =IF(O96="Overdue",Settings!$B$5-H96,"")

Sheet Evidence
A1: Evidence to Retain
A2: What we collect to show adoption at Day 90.
A4: # | B4: Evidence | C4: Owner | D4: Status | E4: Examples collected | F4: Where it lives (link) | G4: Notes
A5: 1 | B5: Training completion | D5: Not started
A6: 2 | B6: Sample use cases | D6: Not started
A7: 3 | B7: Generated test cases | D7: Not started
A8: 4 | B8: Code-review examples | D8: Not started
A9: 5 | B9: Documentation examples | D9: Not started
A10: 6 | B10: Approved AI usage examples | D10: Not started

Sheet Settings
A1: Settings
A2: Yellow cells are inputs. Everything else calculates from them.
A4: Program start (Day 0) | B4: 46235
A5: Today | B5: =TODAY() -> 46295
A6: Program day | B6: =MAX(0,B5-B4) -> 60
A7: Current phase | B7: =IF(B6<=B11,A11,IF(B6<=B12,A12,IF(B6<=B13,A13,A14))) -> 60 Day
A10: Phase | B10: Due on day | C10: Due date | D10: Focus
A11: Initial | B11: 14 | C11: =$B$4+B11 -> 46249 | D11: AI DLC overview and AI fundamentals for everyone.
A12: 30 Day | B12: 30 | C12: =$B$4+B12 -> 46265 | D12: AI fundamentals, tool setup, code assistance, testing, documentation and basic security use cases.
A13: 60 Day | B13: 60 | C13: =$B$4+B13 -> 46295 | D13: Databricks / Genie, broader AI-assisted delivery and initial agent use cases.
A14: 90 Day | B14: 90 | C14: =$B$4+B14 -> 46325 | D14: Advanced agent-based use cases and deeper automation across the delivery lifecycle.
A17: Status values | C17: Meaning
A18: Not started | C18: Default
A19: In progress | C19: Some of the role has started using it
A20: Done | C20: Whole role uses it in real work
A21: Blocked | C21: Access, tooling or time issue — add a note
A22: N/A | C22: Descoped for this team

Sheet Dashboard
A1: AI Modernization Plan — Dashboard
A2: All figures calculate from the Tracker, Training and Evidence tabs. Nothing to edit here.
A4: Program day | C4: Current phase | E4: Overall % done | G4: Overdue items | I4: Blocked items | K4: Training modules rolled out
A5: =Settings!B6&" of 90" -> 60 of 90 | C5: =Settings!B7 -> 60 Day | E5: =IFERROR(COUNTIF(Tracker!$J$5:$J$96,"Done")/(COUNTA(Tracker!$J$5:$J$96)-COUNTIF(Tracker!$J$5:$J$96,"N/A")),0) -> 0.13043478 | G5: =COUNTIF(Tracker!$O$5:$O$96,"Overdue") -> 43 | I5: =COUNTIF(Tracker!$J$5:$J$96,"Blocked") -> 0 | K5: =COUNTIF(Training_Material!$G$5:$G$18,"Done")&" of 14" -> 0 of 14
A8: By phase
A9: Phase | B9: Due date | C9: Items | D9: Done | E9: In progress | F9: Blocked | G9: Not started | H9: N/A | I9: % done | J9: Overdue
A10: Initial | B10: =INDEX(Settings!$C$11:$C$14,MATCH(A10,Settings!$A$11:$A$14,0)) -> 46249 | C10: =COUNTIF(Tracker!$G$5:$G$96,A10) -> 12 | D10: =COUNTIFS(Tracker!$G$5:$G$96,$A10,Tracker!$J$5:$J$96,"Done") -> 12 | E10: =COUNTIFS(Tracker!$G$5:$G$96,$A10,Tracker!$J$5:$J$96,"In progress") -> 0 | F10: =COUNTIFS(Tracker!$G$5:$G$96,$A10,Tracker!$J$5:$J$96,"Blocked") -> 0 | G10: =COUNTIFS(Tracker!$G$5:$G$96,$A10,Tracker!$J$5:$J$96,"Not started") -> 0 | H10: =COUNTIFS(Tracker!$G$5:$G$96,$A10,Tracker!$J$5:$J$96,"N/A") -> 0 | I10: =IFERROR(D10/(C10-H10),0) -> 1 | J10: =COUNTIFS(Tracker!$G$5:$G$96,$A10,Tracker!$O$5:$O$96,"Overdue") -> 0
A11: 30 Day | B11: =INDEX(Settings!$C$11:$C$14,MATCH(A11,Settings!$A$11:$A$14,0)) -> 46265 | C11: =COUNTIF(Tracker!$G$5:$G$96,A11) -> 43 | D11: =COUNTIFS(Tracker!$G$5:$G$96,$A11,Tracker!$J$5:$J$96,"Done") -> 0 | E11: =COUNTIFS(Tracker!$G$5:$G$96,$A11,Tracker!$J$5:$J$96,"In progress") -> 0 | F11: =COUNTIFS(Tracker!$G$5:$G$96,$A11,Tracker!$J$5:$J$96,"Blocked") -> 0 | G11: =COUNTIFS(Tracker!$G$5:$G$96,$A11,Tracker!$J$5:$J$96,"Not started") -> 43 | H11: =COUNTIFS(Tracker!$G$5:$G$96,$A11,Tracker!$J$5:$J$96,"N/A") -> 0 | I11: =IFERROR(D11/(C11-H11),0) -> 0 | J11: =COUNTIFS(Tracker!$G$5:$G$96,$A11,Tracker!$O$5:$O$96,"Overdue") -> 43
A12: 60 Day | B12: =INDEX(Settings!$C$11:$C$14,MATCH(A12,Settings!$A$11:$A$14,0)) -> 46295 | C12: =COUNTIF(Tracker!$G$5:$G$96,A12) -> 30 | D12: =COUNTIFS(Tracker!$G$5:$G$96,$A12,Tracker!$J$5:$J$96,"Done") -> 0 | E12: =COUNTIFS(Tracker!$G$5:$G$96,$A12,Tracker!$J$5:$J$96,"In progress") -> 0 | F12: =COUNTIFS(Tracker!$G$5:$G$96,$A12,Tracker!$J$5:$J$96,"Blocked") -> 0 | G12: =COUNTIFS(Tracker!$G$5:$G$96,$A12,Tracker!$J$5:$J$96,"Not started") -> 30 | H12: =COUNTIFS(Tracker!$G$5:$G$96,$A12,Tracker!$J$5:$J$96,"N/A") -> 0 | I12: =IFERROR(D12/(C12-H12),0) -> 0 | J12: =COUNTIFS(Tracker!$G$5:$G$96,$A12,Tracker!$O$5:$O$96,"Overdue") -> 0
A13: 90 Day | B13: =INDEX(Settings!$C$11:$C$14,MATCH(A13,Settings!$A$11:$A$14,0)) -> 46325 | C13: =COUNTIF(Tracker!$G$5:$G$96,A13) -> 7 | D13: =COUNTIFS(Tracker!$G$5:$G$96,$A13,Tracker!$J$5:$J$96,"Done") -> 0 | E13: =COUNTIFS(Tracker!$G$5:$G$96,$A13,Tracker!$J$5:$J$96,"In progress") -> 0 | F13: =COUNTIFS(Tracker!$G$5:$G$96,$A13,Tracker!$J$5:$J$96,"Blocked") -> 0 | G13: =COUNTIFS(Tracker!$G$5:$G$96,$A13,Tracker!$J$5:$J$96,"Not started") -> 7 | H13: =COUNTIFS(Tracker!$G$5:$G$96,$A13,Tracker!$J$5:$J$96,"N/A") -> 0 | I13: =IFERROR(D13/(C13-H13),0) -> 0 | J13: =COUNTIFS(Tracker!$G$5:$G$96,$A13,Tracker!$O$5:$O$96,"Overdue") -> 0
A14: Total | C14: =SUM(C10:C13) -> 92 | D14: =SUM(D10:D13) -> 12 | E14: =SUM(E10:E13) -> 0 | F14: =SUM(F10:F13) -> 0 | G14: =SUM(G10:G13) -> 80 | H14: =SUM(H10:H13) -> 0 | I14: =IFERROR(D14/(C14-H14),0) -> 0.13043478 | J14: =SUM(J10:J13) -> 43
A17: By role
A18: Role | B18: Due date | C18: Items | D18: Done | E18: In progress | F18: Blocked | G18: Not started | H18: N/A | I18: % done | J18: Overdue
A19: Informatica Dev | B19: — | C19: =COUNTIF(Tracker!$F$5:$F$96,A19) -> 26 | D19: =COUNTIFS(Tracker!$F$5:$F$96,$A19,Tracker!$J$5:$J$96,"Done") -> 2 | E19: =COUNTIFS(Tracker!$F$5:$F$96,$A19,Tracker!$J$5:$J$96,"In progress") -> 0 | F19: =COUNTIFS(Tracker!$F$5:$F$96,$A19,Tracker!$J$5:$J$96,"Blocked") -> 0 | G19: =COUNTIFS(Tracker!$F$5:$F$96,$A19,Tracker!$J$5:$J$96,"Not started") -> 24 | H19: =COUNTIFS(Tracker!$F$5:$F$96,$A19,Tracker!$J$5:$J$96,"N/A") -> 0 | I19: =IFERROR(D19/(C19-H19),0) -> 0.076923077 | J19: =COUNTIFS(Tracker!$F$5:$F$96,$A19,Tracker!$O$5:$O$96,"Overdue") -> 9
A20: Databricks Dev | B20: — | C20: =COUNTIF(Tracker!$F$5:$F$96,A20) -> 18 | D20: =COUNTIFS(Tracker!$F$5:$F$96,$A20,Tracker!$J$5:$J$96,"Done") -> 2 | E20: =COUNTIFS(Tracker!$F$5:$F$96,$A20,Tracker!$J$5:$J$96,"In progress") -> 0 | F20: =COUNTIFS(Tracker!$F$5:$F$96,$A20,Tracker!$J$5:$J$96,"Blocked") -> 0 | G20: =COUNTIFS(Tracker!$F$5:$F$96,$A20,Tracker!$J$5:$J$96,"Not started") -> 16 | H20: =COUNTIFS(Tracker!$F$5:$F$96,$A20,Tracker!$J$5:$J$96,"N/A") -> 0 | I20: =IFERROR(D20/(C20-H20),0) -> 0.11111111 | J20: =COUNTIFS(Tracker!$F$5:$F$96,$A20,Tracker!$O$5:$O$96,"Overdue") -> 9
A21: QE / Testers | B21: — | C21: =COUNTIF(Tracker!$F$5:$F$96,A21) -> 14 | D21: =COUNTIFS(Tracker!$F$5:$F$96,$A21,Tracker!$J$5:$J$96,"Done") -> 2 | E21: =COUNTIFS(Tracker!$F$5:$F$96,$A21,Tracker!$J$5:$J$96,"In progress") -> 0 | F21: =COUNTIFS(Tracker!$F$5:$F$96,$A21,Tracker!$J$5:$J$96,"Blocked") -> 0 | G21: =COUNTIFS(Tracker!$F$5:$F$96,$A21,Tracker!$J$5:$J$96,"Not started") -> 12 | H21: =COUNTIFS(Tracker!$F$5:$F$96,$A21,Tracker!$J$5:$J$96,"N/A") -> 0 | I21: =IFERROR(D21/(C21-H21),0) -> 0.14285714 | J21: =COUNTIFS(Tracker!$F$5:$F$96,$A21,Tracker!$O$5:$O$96,"Overdue") -> 8
A22: Data / Requirements Analyst | B22: — | C22: =COUNTIF(Tracker!$F$5:$F$96,A22) -> 9 | D22: =COUNTIFS(Tracker!$F$5:$F$96,$A22,Tracker!$J$5:$J$96,"Done") -> 2 | E22: =COUNTIFS(Tracker!$F$5:$F$96,$A22,Tracker!$J$5:$J$96,"In progress") -> 0 | F22: =COUNTIFS(Tracker!$F$5:$F$96,$A22,Tracker!$J$5:$J$96,"Blocked") -> 0 | G22: =COUNTIFS(Tracker!$F$5:$F$96,$A22,Tracker!$J$5:$J$96,"Not started") -> 7 | H22: =COUNTIFS(Tracker!$F$5:$F$96,$A22,Tracker!$J$5:$J$96,"N/A") -> 0 | I22: =IFERROR(D22/(C22-H22),0) -> 0.22222222 | J22: =COUNTIFS(Tracker!$F$5:$F$96,$A22,Tracker!$O$5:$O$96,"Overdue") -> 5
A23: Java Dev | B23: — | C23: =COUNTIF(Tracker!$F$5:$F$96,A23) -> 18 | D23: =COUNTIFS(Tracker!$F$5:$F$96,$A23,Tracker!$J$5:$J$96,"Done") -> 2 | E23: =COUNTIFS(Tracker!$F$5:$F$96,$A23,Tracker!$J$5:$J$96,"In progress") -> 0 | F23: =COUNTIFS(Tracker!$F$5:$F$96,$A23,Tracker!$J$5:$J$96,"Blocked") -> 0 | G23: =COUNTIFS(Tracker!$F$5:$F$96,$A23,Tracker!$J$5:$J$96,"Not started") -> 16 | H23: =COUNTIFS(Tracker!$F$5:$F$96,$A23,Tracker!$J$5:$J$96,"N/A") -> 0 | I23: =IFERROR(D23/(C23-H23),0) -> 0.11111111 | J23: =COUNTIFS(Tracker!$F$5:$F$96,$A23,Tracker!$O$5:$O$96,"Overdue") -> 9
A24: Orchestration | B24: — | C24: =COUNTIF(Tracker!$F$5:$F$96,A24) -> 0 | D24: =COUNTIFS(Tracker!$F$5:$F$96,$A24,Tracker!$J$5:$J$96,"Done") -> 0 | E24: =COUNTIFS(Tracker!$F$5:$F$96,$A24,Tracker!$J$5:$J$96,"In progress") -> 0 | F24: =COUNTIFS(Tracker!$F$5:$F$96,$A24,Tracker!$J$5:$J$96,"Blocked") -> 0 | G24: =COUNTIFS(Tracker!$F$5:$F$96,$A24,Tracker!$J$5:$J$96,"Not started") -> 0 | H24: =COUNTIFS(Tracker!$F$5:$F$96,$A24,Tracker!$J$5:$J$96,"N/A") -> 0 | I24: =IFERROR(D24/(C24-H24),0) -> 0 | J24: =COUNTIFS(Tracker!$F$5:$F$96,$A24,Tracker!$O$5:$O$96,"Overdue") -> 0
A25: Total | C25: =SUM(C19:C24) -> 85 | D25: =SUM(D19:D24) -> 10 | E25: =SUM(E19:E24) -> 0 | F25: =SUM(F19:F24) -> 0 | G25: =SUM(G19:G24) -> 75 | H25: =SUM(H19:H24) -> 0 | I25: =IFERROR(D25/(C25-H25),0) -> 0.11764706 | J25: =SUM(J19:J24) -> 40
A28: How to use: leads update the Status column on the Tracker tab weekly. Overdue = past the phase due date and not Done/N/A. Change Day 0 or phase days on Settings.
